ADDRESS,TYPE,WALK_LIGHT,BUFF_DIST,ORIG_FID,Shape_Length,Shape_Area,mean_Crashhour,std_Crashhour,mean_Age_NM,Point_Count,Minority_Crash_Severity_Description,Majority_Crash_Severity_Description,Minority_Crash_Severity_Description_Percent,Majority_Crash_Severity_Description_Percent,Join_ID
Baltimore Ave,Bar,Yes,164.041666666666657,95,1209.181331352777988,114553.351531226042425,12.769230769230770,6.379052256590135,,13,Injury Crashes,Property Damage Crashes,7.692307692307693,92.307692307692307,95
Baltimore Ave & Cherry Hill Rd,Bar,Yes,164.041666666666657,74,1184.988758017142572,110280.569459097430808,14.181818181818182,6.493353244944893,57.000000000000000,11,Injury Crashes,Property Damage Crashes,36.363636363636367,63.636363636363633,74
Rhode Island Ave & University Blvd,Zebra Stripe,Yes,164.041666666666657,45,1131.559212080201178,101430.532507999538211,17.300000000000001,4.498147766951785,,10,Injury Crashes,Property Damage Crashes,10.000000000000000,90.000000000000000,45
Greenbelt Rd & Baltimore Ave,Zebra Stripe,No,164.041666666666657,54,1089.436441847186416,94349.998033141077030,13.111111111111111,8.666666666666666,,9,Property Damage Crashes,Property Damage Crashes,100.000000000000000,100.000000000000000,54
SB Cap Belt Hwy & Baltimore Ave,Zebra Stripe,No,164.041666666666657,76,1124.094318095152175,100184.353054487000918,12.555555555555555,7.401201103724839,,9,Property Damage Crashes,Property Damage Crashes,100.000000000000000,100.000000000000000,76
Baltimore Ave & Berwyn House Rd,Zebra Stripe,Yes,164.041666666666657,153,1164.188073150128730,106952.697194121792563,15.111111111111111,5.301991240195622,22.333333333333332,9,Injury Crashes,Property Damage Crashes,44.444444444444443,55.555555555555557,153
NB Cap Belt Hwy & Baltimore Ave,Bar,No,164.041666666666657,61,1080.007554671939943,92737.253044606346521,13.250000000000000,5.725881092523166,,8,Property Damage Crashes,Property Damage Crashes,100.000000000000000,100.000000000000000,61
University Blvd & Rhode Island Ave,Zebra Stripe,Yes,164.041666666666657,47,1264.206317290594825,123841.493464376602788,17.000000000000000,4.864839839775475,,7,Injury Crashes,Property Damage Crashes,14.285714285714285,85.714285714285708,47
Baltimore Ave & SB Cap Belt Hwy,Bar,Yes,164.041666666666657,75,1265.201389453378852,123746.580294207931729,17.428571428571427,4.314979445958881,,7,Property Damage Crashes,Property Damage Crashes,100.000000000000000,100.000000000000000,75
,,,164.041666666666657,127,1081.681685182417823,93024.805242757822271,13.285714285714286,7.364651739090942,,7,Property Damage Crashes,Property Damage Crashes,100.000000000000000,100.000000000000000,127
Baltimore Ave,Zebra Stripe,No,164.041666666666657,97,1086.359258547082163,93809.935476148311864,15.166666666666666,5.741660619251774,,6,Injury Crashes,Property Damage Crashes,33.333333333333329,66.666666666666657,97
,,,164.041666666666657,157,1082.861937109717928,93211.581885320876609,18.166666666666668,3.920034013457877,,6,Injury Crashes,Property Damage Crashes,33.333333333333329,66.666666666666657,157
Baltimore Ave & Campus Dr,Zebra Stripe,Yes,164.041666666666657,170,1176.478042250118278,109034.856562667278922,14.666666666666666,4.589843860815601,,6,Injury Crashes,Property Damage Crashes,16.666666666666664,83.333333333333343,170
Cherokee St & Baltimore Ave,Zebra Stripe,Yes,164.041666666666657,64,1144.638837274740808,103626.449993134709075,17.000000000000000,2.645751311064591,,5,Injury Crashes,Property Damage Crashes,40.000000000000000,60.000000000000000,64
Baltimore Ave & Guilford Dr,Zebra Stripe,Yes,164.041666666666657,203,1185.652820219528849,110646.990666609359323,14.800000000000001,2.588435821108957,,5,Property Damage Crashes,Property Damage Crashes,100.000000000000000,100.000000000000000,203
Rhode Island Ave & Niagara Rd,Zebra Stripe,No,164.041666666666657,5,1091.027320664851004,94559.953855930216378,11.500000000000000,9.574271077563381,,4,Injury Crashes,Property Damage Crashes,25.000000000000000,75.000000000000000,5
Rhode Island Ave & Fox St,Piano Key,RRFB,164.041666666666657,36,1127.852943545501603,100805.355969856114825,16.000000000000000,1.414213562373095,,4,Injury Crashes,Property Damage Crashes,25.000000000000000,75.000000000000000,36
,,,164.041666666666657,81,1182.770079916597751,110107.186383060543449,17.750000000000000,3.500000000000000,,4,Injury Crashes,Property Damage Crashes,25.000000000000000,75.000000000000000,81
,,,164.041666666666657,143,1244.655609883905527,120341.042830667487578,7.500000000000000,9.949874371066199,,4,Property Damage Crashes,Property Damage Crashes,100.000000000000000,100.000000000000000,143
Baltimore Ave & Melbourne Pl,Bar,Yes,164.041666666666657,160,1156.815351008627886,105682.206029344291892,15.250000000000000,4.349329450233296,,4,Injury Crashes,Property Damage Crashes,25.000000000000000,75.000000000000000,160
Melbourne Pl & Baltimore Ave,Bar,Yes,164.041666666666657,161,1124.339313971585852,100260.442001923773205,16.750000000000000,4.349329450233296,,4,Injury Crashes,Property Damage Crashes,25.000000000000000,75.000000000000000,161
,,,164.041666666666657,60,1087.644732038215807,94020.733832712750882,9.333333333333334,5.507570547286102,,3,Property Damage Crashes,Property Damage Crashes,100.000000000000000,100.000000000000000,60
,,,164.041666666666657,148,1144.565955348778743,103724.742106915044133,19.333333333333332,1.527525231651947,,3,Property Damage Crashes,Property Damage Crashes,100.000000000000000,100.000000000000000,148
Berwyn Rd & Baltimore Ave,Zebra Stripe,Yes,164.041666666666657,150,1127.371129855257095,100706.073572691791924,11.666666666666666,1.527525231651947,25.000000000000000,3,Property Damage Crashes,Property Damage Crashes,100.000000000000000,100.000000000000000,150
,,,164.041666666666657,151,1114.180767850835309,98480.512187546279165,17.000000000000000,6.000000000000000,23.000000000000000,3,Injury Crashes,Injury Crashes,100.000000000000000,100.000000000000000,151
Lehigh Rd & Baltimore Ave,Piano Key,No,164.041666666666657,190,1117.540009977310092,99092.479670641114353,10.333333333333334,5.033222956847166,,3,Property Damage Crashes,Property Damage Crashes,100.000000000000000,100.000000000000000,190
,,,164.041666666666657,261,1118.338149316321278,99225.997994124525576,12.000000000000000,4.358898943540674,,3,Property Damage Crashes,Property Damage Crashes,100.000000000000000,100.000000000000000,261
Rhode Island Ave & Edgewood Rd,Bar,Yes,164.041666666666657,1,1189.574437120010316,111197.643646255091880,16.000000000000000,1.414213562373095,,2,Property Damage Crashes,Property Damage Crashes,100.000000000000000,100.000000000000000,1
Rhode Island Ave & Hollywood Rd,Piano Key,RRFB,164.041666666666657,35,1119.162299690792906,99292.489410741065512,8.000000000000000,11.313708498984761,,2,Property Damage Crashes,Property Damage Crashes,100.000000000000000,100.000000000000000,35
Rhode Island Ave & Apache St,Zebra Stripe,No,164.041666666666657,38,1073.146709883108315,91582.103562609496294,17.000000000000000,2.828427124746190,,2,Property Damage Crashes,Property Damage Crashes,100.000000000000000,100.000000000000000,38
Greenbelt Rd & Rhode Island Ave,Zebra Stripe,No,164.041666666666657,43,1205.833116803082930,114051.172113959124545,11.000000000000000,8.485281374238570,,2,Injury Crashes;Property Damage Crashes,Injury Crashes;Property Damage Crashes,50.000000000000000,50.000000000000000,43
,,,164.041666666666657,50,1108.520219227803409,97576.316671611901256,10.000000000000000,11.313708498984761,,2,Property Damage Crashes,Property Damage Crashes,100.000000000000000,100.000000000000000,50
University Blvd & Baltimore Ave,Bar,No,164.041666666666657,58,1081.384159899991801,92968.048509685046156,14.500000000000000,9.192388155425117,,2,Property Damage Crashes,Property Damage Crashes,100.000000000000000,100.000000000000000,58
Baltimore Ave & Fox St,Bar,Yes,164.041666666666657,69,1150.082523124006002,104565.965623636002420,16.000000000000000,0,48.000000000000000,2,Injury Crashes;Property Damage Crashes,Injury Crashes;Property Damage Crashes,50.000000000000000,50.000000000000000,69
Baltimore Ave & Hollywood Rd,Bar,Yes,164.041666666666657,73,1146.048334206548361,103879.279913249891251,13.500000000000000,2.121320343559642,,2,Property Damage Crashes,Property Damage Crashes,100.000000000000000,100.000000000000000,73
,,,164.041666666666657,77,1173.485484139234813,108567.728712040552637,20.500000000000000,3.535533905932738,,2,Injury Crashes;Property Damage Crashes,Injury Crashes;Property Damage Crashes,50.000000000000000,50.000000000000000,77
,,,164.041666666666657,89,1265.139869151254743,123865.419905198068591,15.500000000000000,2.121320343559642,22.000000000000000,2,Injury Crashes;Property Damage Crashes,Injury Crashes;Property Damage Crashes,50.000000000000000,50.000000000000000,89
,,,164.041666666666657,116,1096.911262994990238,95560.570304586261045,18.000000000000000,0,,2,Property Damage Crashes,Property Damage Crashes,100.000000000000000,100.000000000000000,116
Baltimore Ave & Rossborough Ln,Zebra Stripe,Yes,164.041666666666657,178,1175.000979099480446,108770.238160501859966,13.000000000000000,5.656854249492381,,2,Property Damage Crashes,Property Damage Crashes,100.000000000000000,100.000000000000000,178
Knox Rd & Baltimore Ave,Zebra Stripe,Yes,164.041666666666657,193,1129.838964641101484,101274.557645346998470,19.000000000000000,5.656854249492381,,2,Property Damage Crashes,Property Damage Crashes,100.000000000000000,100.000000000000000,193
Baltimore Ave & Hartwick Rd,Zebra Stripe,Yes,164.041666666666657,198,1199.423077715169939,112945.968525025702547,17.500000000000000,0.707106781,,2,Property Damage Crashes,Property Damage Crashes,100.000000000000000,100.000000000000000,198
,,,164.041666666666657,306,1081.139328861951071,92904.316083471101592,16.000000000000000,9.899494936611665,19.000000000000000,2,Property Damage Crashes,Property Damage Crashes,100.000000000000000,100.000000000000000,306
,,,164.041666666666657,314,1113.825272397236176,98444.766899840018596,12.000000000000000,1.414213562373095,,2,Property Damage Crashes,Property Damage Crashes,100.000000000000000,100.000000000000000,314
Rhode Island Ave & Paducah Rd,Zebra Stripe,No,164.041666666666657,2,1129.851495790304625,101050.495539253737661,15.000000000000000,0,,1,Property Damage Crashes,Property Damage Crashes,100.000000000000000,100.000000000000000,2
,,,164.041666666666657,14,1134.889956208234707,101959.384587896478479,23.000000000000000,0,,1,Property Damage Crashes,Property Damage Crashes,100.000000000000000,100.000000000000000,14
,,,164.041666666666657,34,1150.408826161985871,104546.643190629969467,20.000000000000000,0,,1,Injury Crashes,Injury Crashes,100.000000000000000,100.000000000000000,34
Rhode Island Ave & Cherokee St,Zebra Stripe,RRFB,164.041666666666657,37,1122.024418740879128,99798.678436718008015,8.000000000000000,0,54.000000000000000,1,Property Damage Crashes,Property Damage Crashes,100.000000000000000,100.000000000000000,37
,,,164.041666666666657,51,1118.289347047352976,99229.197140172167565,16.000000000000000,0,,1,Property Damage Crashes,Property Damage Crashes,100.000000000000000,100.000000000000000,51
,,,164.041666666666657,70,1090.614531163021638,94488.813692743220599,17.000000000000000,0,,1,Injury Crashes,Injury Crashes,100.000000000000000,100.000000000000000,70
Ikea Center Blvd & Ikea Way,Zebra Stripe,No,164.041666666666657,86,1102.100281719361647,96402.710685925514554,12.000000000000000,0,,1,Property Damage Crashes,Property Damage Crashes,100.000000000000000,100.000000000000000,86
Baltimore Ave & SB Cap Belt Hwy,Zebra Stripe,No,164.041666666666657,99,1084.955169847521120,93569.064847591158468,7.000000000000000,0,,1,Property Damage Crashes,Property Damage Crashes,100.000000000000000,100.000000000000000,99
Baltimore Ave & SB Cap Belt Hwy,Zebra Stripe,No,164.041666666666657,100,1151.337646729794187,104814.086505874831346,7.000000000000000,0,,1,Property Damage Crashes,Property Damage Crashes,100.000000000000000,100.000000000000000,100
,,,164.041666666666657,108,1107.730405485937808,97399.184815608721692,7.000000000000000,0,,1,Property Damage Crashes,Property Damage Crashes,100.000000000000000,100.000000000000000,108
Metzerott Rd,Zebra Stripe,RRFB,164.041666666666657,110,1118.361447367605933,99214.913176817673957,19.000000000000000,0,,1,Property Damage Crashes,Property Damage Crashes,100.000000000000000,100.000000000000000,110
,,,164.041666666666657,111,1121.185175511595617,99721.875231702273595,4.000000000000000,0,,1,Property Damage Crashes,Property Damage Crashes,100.000000000000000,100.000000000000000,111
,,,164.041666666666657,122,1224.452542994496753,116934.027722065569833,19.000000000000000,0,,1,Property Damage Crashes,Property Damage Crashes,100.000000000000000,100.000000000000000,122
,,,164.041666666666657,123,1240.526178916708659,119830.421059638058068,15.000000000000000,0,,1,Property Damage Crashes,Property Damage Crashes,100.000000000000000,100.000000000000000,123
,,,164.041666666666657,129,1084.453445588074828,93490.126997603816562,19.000000000000000,0,,1,Property Damage Crashes,Property Damage Crashes,100.000000000000000,100.000000000000000,129
,,,164.041666666666657,136,1106.563111892470033,97247.445082852776977,6.000000000000000,0,,1,Injury Crashes,Injury Crashes,100.000000000000000,100.000000000000000,136
,,,164.041666666666657,146,1196.432870656931755,112290.391177647630684,8.000000000000000,0,,1,Property Damage Crashes,Property Damage Crashes,100.000000000000000,100.000000000000000,146
,,,164.041666666666657,147,1175.984502260052750,108796.492912223024177,8.000000000000000,0,,1,Property Damage Crashes,Property Damage Crashes,100.000000000000000,100.000000000000000,147
Baltimore Ave & Lakeland Rd,Zebra Stripe,Yes,164.041666666666657,164,1144.416540973434621,103527.649863689512131,14.000000000000000,0,,1,Property Damage Crashes,Property Damage Crashes,100.000000000000000,100.000000000000000,164
Baltimore Ave & Fraternity Row,Zebra Stripe,Yes,164.041666666666657,180,1097.290232822627331,95656.729104650585214,14.000000000000000,0,21.000000000000000,1,Injury Crashes,Injury Crashes,100.000000000000000,100.000000000000000,180
Baltimore Ave & College Ave,Zebra Stripe,Yes,164.041666666666657,183,1120.960029778491162,99718.375338840924087,7.000000000000000,0,,1,Property Damage Crashes,Property Damage Crashes,100.000000000000000,100.000000000000000,183
Baltimore Ave & Calvert Rd,Zebra Stripe,Yes,164.041666666666657,200,1191.047061658479151,111580.070570806536125,12.000000000000000,0,,1,Property Damage Crashes,Property Damage Crashes,100.000000000000000,100.000000000000000,200
,,,164.041666666666657,255,1117.636296756210186,99128.034478217392461,11.000000000000000,0,,1,Property Damage Crashes,Property Damage Crashes,100.000000000000000,100.000000000000000,255
,,,164.041666666666657,258,1093.003603613058885,94884.977688447892433,10.000000000000000,0,,1,Property Damage Crashes,Property Damage Crashes,100.000000000000000,100.000000000000000,258
,,,164.041666666666657,263,1100.211029777340400,96153.743939765408868,9.000000000000000,0,,1,Property Damage Crashes,Property Damage Crashes,100.000000000000000,100.000000000000000,263
Lakeland Rd & Rhode Island Ave,,,164.041666666666657,275,1151.775978133627405,104923.022904641882633,18.000000000000000,0,,1,Property Damage Crashes,Property Damage Crashes,100.000000000000000,100.000000000000000,275
49th Ave & Berwyn Rd,Piano Key,No,164.041666666666657,294,1097.979860870869516,95751.662222325321636,7.000000000000000,0,,1,Injury Crashes,Injury Crashes,100.000000000000000,100.000000000000000,294
Rhode Island Ave & Berwyn Rd,Piano Key,No,164.041666666666657,296,1110.387515110833419,97783.012144723194069,7.000000000000000,0,,1,Injury Crashes,Injury Crashes,100.000000000000000,100.000000000000000,296
Tecumseh St & Rhode Island Ave,Piano Key,No,164.041666666666657,302,1099.680013799091739,96083.174658689458738,16.000000000000000,0,,1,Injury Crashes,Injury Crashes,100.000000000000000,100.000000000000000,302
,,,164.041666666666657,313,1111.718227806012237,98061.916905826365110,16.000000000000000,0,21.000000000000000,1,Injury Crashes,Injury Crashes,100.000000000000000,100.000000000000000,313
,,,164.041666666666657,315,1138.718746272551243,102684.515241497370880,16.000000000000000,0,18.000000000000000,1,Property Damage Crashes,Property Damage Crashes,100.000000000000000,100.000000000000000,315
,,,164.041666666666657,329,1114.590284437269247,98566.470399860758334,8.000000000000000,0,,1,Property Damage Crashes,Property Damage Crashes,100.000000000000000,100.000000000000000,329
Knox Rd,Piano Key,No,164.041666666666657,331,1119.468810152830883,99399.541034278285224,19.000000000000000,0,26.000000000000000,1,Injury Crashes,Injury Crashes,100.000000000000000,100.000000000000000,331
Rhode Island Ave & Fox St,Piano Key,RRFB,164.041666666666657,332,1127.852943546357892,100805.355970273056300,14.000000000000000,0,,1,Property Damage Crashes,Property Damage Crashes,100.000000000000000,100.000000000000000,332
Rhode Island Ave & Odessa Rd,Zebra Stripe,RRFB,164.041666666666657,3,1133.404210612947509,101672.923668404677301,,,,0,,,,,3
,,,164.041666666666657,6,1128.110257828450813,100791.830807058504433,,,,0,,,,,6
,,,164.041666666666657,9,1095.494799670398152,95330.386606045241933,,,,0,,,,,9
,,,164.041666666666657,13,1138.245476910582283,102538.100328521031770,,,,0,,,,,13
,,,164.041666666666657,15,1115.848078752841957,98770.222032541743829,,,,0,,,,,15
,,,164.041666666666657,17,1112.051794401553025,98141.480710469390033,,,,0,,,,,17
,,,164.041666666666657,21,1122.639513518751755,99970.385550166087341,,,,0,,,,,21
,,,164.041666666666657,23,1121.394379264993631,99678.282876491124625,,,,0,,,,,23
,,,164.041666666666657,26,1139.524661084871013,102683.840175961668137,,,,0,,,,,26
,,,164.041666666666657,30,1097.478817343356241,95617.118964124209015,,,,0,,,,,30
Rhode Island Ave & Muskogee St,Zebra Stripe,RRFB,164.041666666666657,31,1125.949303060554939,100426.543427276716102,,,,0,,,,,31
,,,164.041666666666657,32,1100.257357681578696,96180.457937264363864,,,,0,,,,,32
,,,164.041666666666657,33,1115.274042067680057,98656.139984516470577,,,,0,,,,,33
,,,164.041666666666657,83,1228.479808505243454,117727.343804050367908,,,,0,,,,,83
,,,164.041666666666657,85,1100.491983838906890,96141.909430951098329,,,,0,,,,,85
,,,164.041666666666657,101,1134.424790934955126,101881.455786986480234,,,,0,,,,,101
,,,164.041666666666657,102,1134.336865243855982,101870.302217534161173,,,,0,,,,,102
,,,164.041666666666657,103,1130.420271193537701,101205.631249352052691,,,,0,,,,,103
,,,164.041666666666657,104,1159.500595394561969,106077.515485538635403,,,,0,,,,,104
,,,164.041666666666657,105,1113.791412203142499,98396.037419422267703,,,,0,,,,,105
,,,164.041666666666657,106,1165.787049025958140,107149.930352824463625,,,,0,,,,,106
,,,164.041666666666657,107,1120.025378764060406,99447.607020134702907,,,,0,,,,,107
,,,164.041666666666657,109,1110.687497497576715,97900.146415422786959,,,,0,,,,,109
,,,164.041666666666657,112,1119.890641645066353,99489.447142736215028,,,,0,,,,,112
,,,164.041666666666657,113,1122.013502216886309,99851.795591766334837,,,,0,,,,,113
,,,164.041666666666657,114,1120.538335549124668,99594.205183245343505,,,,0,,,,,114
,,,164.041666666666657,115,1137.305959400566053,102322.323717598570511,,,,0,,,,,115
,,,164.041666666666657,130,1148.176277517304243,104237.220167917010258,,,,0,,,,,130
,,,164.041666666666657,131,1192.830290174463698,111761.622852544373018,,,,0,,,,,131
,,,164.041666666666657,132,1148.968475103823948,104361.157526611990761,,,,0,,,,,132
,,,164.041666666666657,137,1200.689098496700353,113063.820322590894648,,,,0,,,,,137
,,,164.041666666666657,138,1111.867511336359030,98102.402746787760407,,,,0,,,,,138
,,,164.041666666666657,142,1281.406295314807494,126429.282906192675000,,,,0,,,,,142
,,,164.041666666666657,144,1178.927080334234688,109545.978196139316424,,,,0,,,,,144
,,,164.041666666666657,145,1179.443856121389899,109356.823626851386507,,,,0,,,,,145
,,,164.041666666666657,176,1150.332489416047110,104433.572584707755595,,,,0,,,,,176
Amherst Rd & Baltimore Ave,Bar,Yes,164.041666666666657,206,1116.592291352520533,98900.419987252374995,,,,0,,,,,206
,,,164.041666666666657,207,1097.365027367387938,95716.802363232709467,,,,0,,,,,207
,,,164.041666666666657,208,1099.418088103952641,96060.889345180301461,,,,0,,,,,208
,,,164.041666666666657,210,1110.198913980289035,97807.222555059837759,,,,0,,,,,210
,,,164.041666666666657,211,1110.803766243514474,97905.824026368150953,,,,0,,,,,211
,,,164.041666666666657,212,1114.268388201968719,98642.065919369269977,,,,0,,,,,212
,,,164.041666666666657,213,1135.939586237629783,102241.063289961079136,,,,0,,,,,213
,,,164.041666666666657,215,1120.322617932684125,99539.800769858717103,,,,0,,,,,215
,,,164.041666666666657,216,1111.384828278683244,98051.723979975198745,,,,0,,,,,216
,,,164.041666666666657,218,1124.620240523487837,100296.136134937856696,,,,0,,,,,218
,,,164.041666666666657,220,1150.563471433383938,104662.857785440573934,,,,0,,,,,220
,,,164.041666666666657,226,1093.428740454902936,94997.041163881440298,,,,0,,,,,226
,,,164.041666666666657,227,1078.502033062940654,92457.217791667251731,,,,0,,,,,227
,,,164.041666666666657,231,1091.807836584767983,94745.572686933373916,,,,0,,,,,231
,,,164.041666666666657,235,1093.257041584919989,94990.209932011362980,,,,0,,,,,235
,,,164.041666666666657,238,1112.674028714127871,98323.387098960578442,,,,0,,,,,238
,,,164.041666666666657,239,1114.836098521910117,98602.555401446763426,,,,0,,,,,239
,,,164.041666666666657,240,1111.093453720812704,97984.750619286991423,,,,0,,,,,240
,,,164.041666666666657,244,1104.879710564613788,96960.471414474202902,,,,0,,,,,244
,,,164.041666666666657,246,1099.255460099573838,95981.320685874772607,,,,0,,,,,246
,,,164.041666666666657,250,1106.768190048518591,97294.883031413832214,,,,0,,,,,250
,,,164.041666666666657,267,1103.288622554723133,96690.457081079526688,,,,0,,,,,267
,,,164.041666666666657,268,1124.078295024402905,100122.230169456292060,,,,0,,,,,268
,,,164.041666666666657,269,1150.342581031831969,104681.753379460074939,,,,0,,,,,269
,,,164.041666666666657,271,1130.770772886414989,101278.264532673783833,,,,0,,,,,271
Pierce Ave & 51st Ave,Piano Key,No,164.041666666666657,280,1121.598611028552796,99755.083827116584871,,,,0,,,,,280
Pierce Ave & 54th Ave,Piano Key,No,164.041666666666657,282,1095.344874271791241,95318.616960835177451,,,,0,,,,,282
Lakeland Rd & 54th Ave,Piano Key,No,164.041666666666657,283,1129.612596697656272,101070.990835330216214,,,,0,,,,,283
,,,164.041666666666657,284,1089.251826548480949,94260.267940128236660,,,,0,,,,,284
51st Ave & Lakeland Rd,Piano Key,No,164.041666666666657,288,1119.854104689215319,99446.554838521318743,,,,0,,,,,288
,,,164.041666666666657,289,1101.739303171994607,96383.161469216021942,,,,0,,,,,289
Rhode Island Ave & Berwyn House Rd,,,164.041666666666657,290,1106.953489687631873,97362.677568899322068,,,,0,,,,,290
Patuxent Ave & Rhode Island Ave,Piano Key,No,164.041666666666657,291,1175.872656524050399,109036.013666237951838,,,,0,,,,,291
Quebec St & Rhode Island Ave,Piano Key,No,164.041666666666657,298,1094.102841491110439,95130.133084040586255,,,,0,,,,,298
51st Ave & Berwyn Rd,Piano Key,No,164.041666666666657,299,1089.073989040288552,94233.449453834764427,,,,0,,,,,299
Berwyn Rd & Potomac Ave,Piano Key,No,164.041666666666657,300,1102.147894795273942,96465.114241526141996,,,,0,,,,,300
,,,164.041666666666657,301,1204.760940568538672,113573.683068364043720,,,,0,,,,,301
Seminole St & Rhode Island Ave,Piano Key,No,164.041666666666657,303,1128.227515494937506,100869.624034112261143,,,,0,,,,,303
,,,164.041666666666657,310,1098.760941777617518,95856.048947658491670,,,,0,,,,,310
,,,164.041666666666657,312,1111.385767218524961,98077.546543626172934,,,,0,,,,,312
,,,164.041666666666657,318,1068.781289430550487,90829.629587972114678,,,,0,,,,,318
,,,164.041666666666657,320,1245.819905055125901,120462.821520243538544,,,,0,,,,,320
