,ADDRESS,TYPE,WALK_LIGHT,BUFF_DIST,ORIG_FID,Shape_Length,Shape_Area,mean_Crashhour,std_Crashhour,mean_Age_NM,Point_Count,Minority_Crash_Severity_Description,Majority_Crash_Severity_Description,Minority_Crash_Severity_Description_Percent,Majority_Crash_Severity_Description_Percent,Join_ID
92,Ikea Way & Baltimore Ave,Bar,Yes,164.04166666666663,93,1112.8088131247603,98258.13184821424,12.76923076923077,6.379052256590135,,13,Injury Crashes,Property Damage Crashes,7.692307692307693,92.3076923076923,93
93,Ikea Way & Baltimore Ave,Bar,Yes,164.04166666666663,94,1152.6556822909115,104954.43044746396,12.76923076923077,6.379052256590135,,13,Injury Crashes,Property Damage Crashes,7.692307692307693,92.3076923076923,94
94,Baltimore Ave,Bar,Yes,164.04166666666663,95,1209.181331352778,114553.35153122604,12.76923076923077,6.379052256590135,,13,Injury Crashes,Property Damage Crashes,7.692307692307693,92.3076923076923,95
97,Baltimore Ave,Zebra Stripe,No,164.04166666666663,98,1090.6916965265816,94541.2560205211,13.923076923076923,6.143581182306436,,13,Injury Crashes,Property Damage Crashes,15.384615384615383,84.61538461538461,98
95,Baltimore Ave,Bar,Yes,164.04166666666663,96,1200.4833614406118,113058.51646414354,13.583333333333334,5.915439480074514,,12,Injury Crashes,Property Damage Crashes,8.333333333333332,91.66666666666664,96
73,Baltimore Ave & Cherry Hill Rd,Bar,Yes,164.04166666666663,74,1184.9887580171423,110280.56945909745,14.181818181818182,6.493353244944893,57.0,11,Injury Crashes,Property Damage Crashes,36.36363636363637,63.63636363636363,74
43,University Blvd & Rhode Island Ave,Zebra Stripe,Yes,164.04166666666663,44,1205.0078820070855,113817.94007134344,17.3,4.498147766951785,,10,Injury Crashes,Property Damage Crashes,10.0,90.0,44
44,Rhode Island Ave & University Blvd,Zebra Stripe,Yes,164.04166666666663,45,1131.5592120802012,101430.53250799952,17.3,4.498147766951785,,10,Injury Crashes,Property Damage Crashes,10.0,90.0,45
75,SB Cap Belt Hwy & Baltimore Ave,Zebra Stripe,No,164.04166666666663,76,1124.094318095152,100184.353054487,12.555555555555555,7.401201103724839,,9,Property Damage Crashes,Property Damage Crashes,100.0,100.0,76
54,,,,164.04166666666663,55,1138.6204393369276,102688.86311962636,13.111111111111112,8.666666666666666,,9,Property Damage Crashes,Property Damage Crashes,100.0,100.0,55
53,Greenbelt Rd & Baltimore Ave,Zebra Stripe,No,164.04166666666663,54,1089.4364418471864,94349.99803314109,13.111111111111112,8.666666666666666,,9,Property Damage Crashes,Property Damage Crashes,100.0,100.0,54
151,Berwyn House Rd & Baltimore Ave,Zebra Stripe,Yes,164.04166666666663,152,1147.9715397728796,104153.9868800053,15.111111111111112,5.301991240195622,22.33333333333333,9,Injury Crashes,Property Damage Crashes,44.44444444444444,55.55555555555556,152
152,Baltimore Ave & Berwyn House Rd,Zebra Stripe,Yes,164.04166666666663,153,1164.1880731501287,106952.6971941218,15.111111111111112,5.301991240195622,22.33333333333333,9,Injury Crashes,Property Damage Crashes,44.44444444444444,55.55555555555556,153
55,Baltimore Ave & Greenbelt Rd,Zebra Stripe,Yes,164.04166666666663,56,1156.038531248766,105561.20493791589,12.75,9.192388155425116,,8,Property Damage Crashes,Property Damage Crashes,100.0,100.0,56
45,Rhode Island Ave & University Blvd,Zebra Stripe,Yes,164.04166666666663,46,1112.8148960207984,98274.27699951569,17.5,4.720774754816659,,8,Injury Crashes,Property Damage Crashes,12.5,87.5,46
60,NB Cap Belt Hwy & Baltimore Ave,Bar,No,164.04166666666663,61,1080.00755467194,92737.25304460633,13.25,5.725881092523166,,8,Property Damage Crashes,Property Damage Crashes,100.0,100.0,61
47,Rhode Island Ave & University Blvd,Zebra Stripe,Yes,164.04166666666663,48,1235.0254031324291,118876.61380689236,17.5,4.720774754816659,,8,Injury Crashes,Property Damage Crashes,12.5,87.5,48
56,,,,164.04166666666663,57,1128.9040472750407,101042.56665455025,12.75,9.192388155425116,,8,Property Damage Crashes,Property Damage Crashes,100.0,100.0,57
154,Baltimore Ave & Berwyn House Rd,Zebra Stripe,Yes,164.04166666666663,155,1174.3222319119711,108659.3419332334,16.285714285714285,4.990467102863408,22.33333333333333,7,Property Damage Crashes,Injury Crashes,42.85714285714285,57.14285714285714,155
74,Baltimore Ave & SB Cap Belt Hwy,Bar,Yes,164.04166666666663,75,1265.2013894533789,123746.58029420792,17.428571428571427,4.314979445958881,,7,Property Damage Crashes,Property Damage Crashes,100.0,100.0,75
153,Berwyn House Rd & Baltimore Ave,Zebra Stripe,Yes,164.04166666666663,154,1141.180937339754,103084.1172679304,15.142857142857142,4.017817460121496,23.5,7,Injury Crashes,Property Damage Crashes,42.85714285714285,57.14285714285714,154
125,,,,164.04166666666663,126,1130.8539554211893,101306.11316103552,13.285714285714286,7.364651739090943,,7,Property Damage Crashes,Property Damage Crashes,100.0,100.0,126
126,,,,164.04166666666663,127,1081.6816851824178,93024.80524275782,13.285714285714286,7.364651739090942,,7,Property Damage Crashes,Property Damage Crashes,100.0,100.0,127
46,University Blvd & Rhode Island Ave,Zebra Stripe,Yes,164.04166666666663,47,1264.2063172905948,123841.4934643766,17.0,4.864839839775475,,7,Injury Crashes,Property Damage Crashes,14.285714285714285,85.7142857142857,47
164,Campus Dr & Baltimore Ave,Zebra Stripe,Yes,164.04166666666663,165,1120.1254412371222,99516.66617151567,14.666666666666666,4.589843860815601,,6,Injury Crashes,Property Damage Crashes,16.666666666666664,83.33333333333334,165
165,Campus Dr & Baltimore Ave,Zebra Stripe,Yes,164.04166666666663,166,1160.8990104629927,106422.3223595814,14.666666666666666,4.589843860815601,,6,Injury Crashes,Property Damage Crashes,16.666666666666664,83.33333333333334,166
166,Baltimore Ave & Campus Dr,Zebra Stripe,Yes,164.04166666666663,167,1286.616200900796,127610.79664406677,14.666666666666666,4.589843860815601,,6,Injury Crashes,Property Damage Crashes,16.666666666666664,83.33333333333334,167
61,Cherokee St & Baltimore Ave,Bar,No,164.04166666666663,62,1113.792862330473,98456.7402564303,15.0,6.164414002968976,,6,Injury Crashes,Property Damage Crashes,16.666666666666664,83.33333333333334,62
167,Campus Dr & Baltimore Ave,Zebra Stripe,Yes,164.04166666666663,168,1302.9729128179567,130427.98422702245,14.666666666666666,4.589843860815601,,6,Injury Crashes,Property Damage Crashes,16.666666666666664,83.33333333333334,168
168,Baltimore Ave & Campus Dr,Zebra Stripe,Yes,164.04166666666663,169,1136.6476420474787,102314.0906130664,14.666666666666666,4.589843860815601,,6,Injury Crashes,Property Damage Crashes,16.666666666666664,83.33333333333334,169
96,Baltimore Ave,Zebra Stripe,No,164.04166666666663,97,1086.359258547082,93809.93547614833,15.166666666666666,5.741660619251774,,6,Injury Crashes,Property Damage Crashes,33.33333333333333,66.66666666666666,97
156,,,,164.04166666666663,157,1082.861937109718,93211.58188532088,18.166666666666668,3.920034013457877,,6,Injury Crashes,Property Damage Crashes,33.33333333333333,66.66666666666666,157
124,,,,164.04166666666663,125,1166.9730016044905,107403.65772843624,12.333333333333334,7.580677190506576,,6,Property Damage Crashes,Property Damage Crashes,100.0,100.0,125
48,University Blvd & Rhode Island Ave,Zebra Stripe,Yes,164.04166666666663,49,1094.2082964860708,95130.99698053507,18.666666666666668,2.250925735484551,,6,Injury Crashes,Property Damage Crashes,16.666666666666664,83.33333333333334,49
169,Baltimore Ave & Campus Dr,Zebra Stripe,Yes,164.04166666666663,170,1176.4780422501183,109034.85656266728,14.666666666666666,4.589843860815601,,6,Injury Crashes,Property Damage Crashes,16.666666666666664,83.33333333333334,170
200,Guilford Dr & Baltimore Ave,Zebra Stripe,Yes,164.04166666666663,201,1205.136865975926,113976.19472024887,14.8,2.588435821108957,,5,Property Damage Crashes,Property Damage Crashes,100.0,100.0,201
62,Baltimore Ave & Cherokee St,Bar,Yes,164.04166666666663,63,1171.4348956172933,108359.62669460928,17.0,2.645751311064591,,5,Injury Crashes,Property Damage Crashes,40.0,60.0,63
63,Cherokee St & Baltimore Ave,Zebra Stripe,Yes,164.04166666666663,64,1144.6388372747408,103626.4499931347,17.0,2.645751311064591,,5,Injury Crashes,Property Damage Crashes,40.0,60.0,64
202,Baltimore Ave & Guilford Dr,Zebra Stripe,Yes,164.04166666666663,203,1185.6528202195288,110646.99066660936,14.8,2.588435821108957,,5,Property Damage Crashes,Property Damage Crashes,100.0,100.0,203
203,Guilford Dr & Baltimore Ave,Zebra Stripe,Yes,164.04166666666663,204,1133.9904365638629,101874.95172901194,14.8,2.588435821108957,,5,Property Damage Crashes,Property Damage Crashes,100.0,100.0,204
142,,,,164.04166666666663,143,1244.6556098839055,120341.04283066747,7.5,9.9498743710662,,4,Property Damage Crashes,Property Damage Crashes,100.0,100.0,143
78,,,,164.04166666666663,79,1115.054141400706,98651.45616103295,17.75,3.5,,4,Injury Crashes,Property Damage Crashes,25.0,75.0,79
4,Rhode Island Ave & Niagara Rd,Zebra Stripe,No,164.04166666666663,5,1091.027320664851,94559.9538559302,11.5,9.57427107756338,,4,Injury Crashes,Property Damage Crashes,25.0,75.0,5
80,,,,164.04166666666663,81,1182.7700799165975,110107.18638306054,17.75,3.5,,4,Injury Crashes,Property Damage Crashes,25.0,75.0,81
81,,,,164.04166666666663,82,1177.4201998807828,109231.72721046254,17.75,3.5,,4,Injury Crashes,Property Damage Crashes,25.0,75.0,82
160,Melbourne Pl & Baltimore Ave,Bar,Yes,164.04166666666663,161,1124.3393139715859,100260.44200192376,16.75,4.349329450233296,,4,Injury Crashes,Property Damage Crashes,25.0,75.0,161
64,Cherokee St & Baltimore Ave,Zebra Stripe,Yes,164.04166666666663,65,1088.1810285088704,94097.72547375696,16.75,2.986078811194819,,4,Injury Crashes;Property Damage Crashes,Injury Crashes;Property Damage Crashes,50.0,50.0,65
157,,,,164.04166666666663,158,1092.4804473407912,94866.06269147524,19.0,4.320493798938574,,4,Injury Crashes;Property Damage Crashes,Injury Crashes;Property Damage Crashes,50.0,50.0,158
159,Baltimore Ave & Melbourne Pl,Bar,Yes,164.04166666666663,160,1156.8153510086279,105682.20602934428,15.25,4.349329450233296,,4,Injury Crashes,Property Damage Crashes,25.0,75.0,160
158,Melbourne Pl & Baltimore Ave,Zebra Stripe,Yes,164.04166666666663,159,1133.6948942168715,101774.65973338841,15.25,4.349329450233296,,4,Injury Crashes,Property Damage Crashes,25.0,75.0,159
123,,,,164.04166666666663,124,1122.0117982797212,99831.95535636404,17.0,1.632993161855452,,4,Property Damage Crashes,Property Damage Crashes,100.0,100.0,124
35,Rhode Island Ave & Fox St,Piano Key,RRFB,164.04166666666663,36,1127.8529435455016,100805.35596985611,16.0,1.414213562373095,,4,Injury Crashes,Property Damage Crashes,25.0,75.0,36
201,Baltimore Ave & Guilford Dr,Zebra Stripe,Yes,164.04166666666663,202,1199.9600839788739,113279.43457443536,15.5,2.380476142847617,,4,Property Damage Crashes,Property Damage Crashes,100.0,100.0,202
155,Navahoe St & Baltimore Ave,Zebra Stripe,No,164.04166666666663,156,1142.0815134520835,103129.9591789081,18.33333333333333,5.033222956847166,,3,Property Damage Crashes,Injury Crashes,33.33333333333333,66.66666666666666,156
147,,,,164.04166666666663,148,1144.5659553487787,103724.74210691504,19.33333333333333,1.527525231651947,,3,Property Damage Crashes,Property Damage Crashes,100.0,100.0,148
150,,,,164.04166666666663,151,1114.1807678508353,98480.5121875463,17.0,6.0,23.0,3,Injury Crashes,Injury Crashes,100.0,100.0,151
186,,,,164.04166666666663,187,1084.9461831447707,93563.92970375376,7.666666666666667,3.055050463303893,,3,Property Damage Crashes,Property Damage Crashes,100.0,100.0,187
148,Baltimore Ave & Berwyn Rd,Zebra Stripe,Yes,164.04166666666663,149,1160.4272205216944,106301.79589280285,11.666666666666666,1.527525231651947,25.0,3,Property Damage Crashes,Property Damage Crashes,100.0,100.0,149
188,Lehigh Rd & Baltimore Ave,Piano Key,No,164.04166666666663,189,1089.7381961991366,94394.60969595672,10.333333333333334,5.033222956847166,,3,Property Damage Crashes,Property Damage Crashes,100.0,100.0,189
260,,,,164.04166666666663,261,1118.3381493163213,99225.99799412451,12.0,4.358898943540674,,3,Property Damage Crashes,Property Damage Crashes,100.0,100.0,261
259,,,,164.04166666666663,260,1102.9062808994142,96620.51777502835,12.0,4.358898943540674,,3,Property Damage Crashes,Property Damage Crashes,100.0,100.0,260
258,,,,164.04166666666663,259,1116.3796778553858,98892.97722895903,12.0,4.358898943540674,,3,Property Damage Crashes,Property Damage Crashes,100.0,100.0,259
193,Baltimore Ave & Knox Rd,Zebra Stripe,Yes,164.04166666666663,194,1201.3909199865248,113363.26986132248,19.0,4.0,26.0,3,Injury Crashes,Property Damage Crashes,33.33333333333333,66.66666666666666,194
59,,,,164.04166666666663,60,1087.6447320382158,94020.73383271277,9.333333333333334,5.507570547286102,,3,Property Damage Crashes,Property Damage Crashes,100.0,100.0,60
191,Baltimore Ave & Knox Rd,Zebra Stripe,Yes,164.04166666666663,192,1201.5747953127884,113397.50522096612,19.0,4.0,26.0,3,Injury Crashes,Property Damage Crashes,33.33333333333333,66.66666666666666,192
190,Knox Rd & Baltimore Ave,Zebra Stripe,Yes,164.04166666666663,191,1140.1880091517412,102969.7279922536,19.0,4.0,26.0,3,Injury Crashes,Property Damage Crashes,33.33333333333333,66.66666666666666,191
189,Lehigh Rd & Baltimore Ave,Piano Key,No,164.04166666666663,190,1117.54000997731,99092.47967064111,10.333333333333334,5.033222956847166,,3,Property Damage Crashes,Property Damage Crashes,100.0,100.0,190
187,,,,164.04166666666663,188,1092.334998745854,94854.0080705034,7.666666666666667,3.055050463303893,,3,Property Damage Crashes,Property Damage Crashes,100.0,100.0,188
149,Berwyn Rd & Baltimore Ave,Zebra Stripe,Yes,164.04166666666663,150,1127.371129855257,100706.0735726918,11.666666666666666,1.527525231651947,25.0,3,Property Damage Crashes,Property Damage Crashes,100.0,100.0,150
185,Baltimore Ave & College Ave,Zebra Stripe,Yes,164.04166666666663,186,1134.6203187596486,102024.068525781,7.666666666666667,3.055050463303894,,3,Property Damage Crashes,Property Damage Crashes,100.0,100.0,186
79,,,,164.04166666666663,80,1177.1800848332207,109173.20254886735,17.333333333333332,4.163331998932266,,3,Injury Crashes,Property Damage Crashes,33.33333333333333,66.66666666666666,80
183,College Ave & Baltimore Ave,Zebra Stripe,Yes,164.04166666666663,184,1202.3010830768912,113481.48093436233,7.666666666666667,3.055050463303894,,3,Property Damage Crashes,Property Damage Crashes,100.0,100.0,184
3,Rhode Island Ave & Niagara Rd,Zebra Stripe,No,164.04166666666663,4,1111.1456183940563,97956.63128705948,13.0,11.135528725660045,,3,Injury Crashes,Property Damage Crashes,33.33333333333333,66.66666666666666,4
261,,,,164.04166666666663,262,1107.0053510561957,97319.23485402337,12.0,4.358898943540674,,3,Property Damage Crashes,Property Damage Crashes,100.0,100.0,262
303,,,,164.04166666666663,304,1130.3148360651899,101138.6186030622,16.0,9.899494936611664,19.0,2,Property Damage Crashes,Property Damage Crashes,100.0,100.0,304
307,,,,164.04166666666663,308,1135.0710721993123,101916.71802438168,16.0,9.899494936611664,19.0,2,Property Damage Crashes,Property Damage Crashes,100.0,100.0,308
306,,,,164.04166666666663,307,1098.3832276453738,95789.236779862,16.0,9.899494936611664,19.0,2,Property Damage Crashes,Property Damage Crashes,100.0,100.0,307
305,,,,164.04166666666663,306,1081.139328861951,92904.3160834711,16.0,9.899494936611664,19.0,2,Property Damage Crashes,Property Damage Crashes,100.0,100.0,306
304,,,,164.04166666666663,305,1084.067709951404,93400.61454912095,16.0,9.899494936611664,19.0,2,Property Damage Crashes,Property Damage Crashes,100.0,100.0,305
313,,,,164.04166666666663,314,1113.825272397236,98444.76689984,12.0,1.414213562373095,,2,Property Damage Crashes,Property Damage Crashes,100.0,100.0,314
176,Rossborough Ln & Baltimore Ave,Zebra Stripe,Yes,164.04166666666663,177,1126.1463898402567,100512.31558949318,13.0,5.656854249492381,,2,Property Damage Crashes,Property Damage Crashes,100.0,100.0,177
197,Baltimore Ave & Hartwick Rd,Zebra Stripe,Yes,164.04166666666663,198,1199.42307771517,112945.9685250257,17.5,0.707106781186548,,2,Property Damage Crashes,Property Damage Crashes,100.0,100.0,198
196,Hartwick Rd & Baltimore Ave,Zebra Stripe,Yes,164.04166666666663,197,1138.6738674723304,102719.49350556955,17.5,0.707106781186548,,2,Property Damage Crashes,Property Damage Crashes,100.0,100.0,197
171,Rossborough Ln & Baltimore Ave,Zebra Stripe,Yes,164.04166666666663,172,1184.6968141203267,110395.0618066636,13.0,5.656854249492381,,2,Property Damage Crashes,Property Damage Crashes,100.0,100.0,172
184,Baltimore Ave & College Ave,Zebra Stripe,Yes,164.04166666666663,185,1110.3178345062709,97885.52109877372,9.0,2.82842712474619,,2,Property Damage Crashes,Property Damage Crashes,100.0,100.0,185
180,College Ave & Baltimore Ave,Zebra Stripe,Yes,164.04166666666663,181,1124.5140757799415,100269.3875630272,9.0,2.82842712474619,,2,Property Damage Crashes,Property Damage Crashes,100.0,100.0,181
177,Baltimore Ave & Rossborough Ln,Zebra Stripe,Yes,164.04166666666663,178,1175.0009790994804,108770.23816050185,13.0,5.656854249492381,,2,Property Damage Crashes,Property Damage Crashes,100.0,100.0,178
192,Knox Rd & Baltimore Ave,Zebra Stripe,Yes,164.04166666666663,193,1129.8389646411015,101274.557645347,19.0,5.656854249492381,,2,Property Damage Crashes,Property Damage Crashes,100.0,100.0,193
0,Rhode Island Ave & Edgewood Rd,Bar,Yes,164.04166666666663,1,1189.5744371200103,111197.64364625508,16.0,1.414213562373095,,2,Property Damage Crashes,Property Damage Crashes,100.0,100.0,1
49,,,,164.04166666666663,50,1108.5202192278034,97576.3166716119,10.0,11.31370849898476,,2,Property Damage Crashes,Property Damage Crashes,100.0,100.0,50
9,Edgewood Rd & Rhode Island Ave,Bar,Yes,164.04166666666663,10,1165.6066257000289,107177.14506862672,16.0,1.414213562373095,,2,Property Damage Crashes,Property Damage Crashes,100.0,100.0,10
77,,,,164.04166666666663,78,1177.3737711101683,109171.83572781461,20.5,3.535533905932738,,2,Injury Crashes;Property Damage Crashes,Injury Crashes;Property Damage Crashes,50.0,50.0,78
34,Rhode Island Ave & Hollywood Rd,Piano Key,RRFB,164.04166666666663,35,1119.162299690793,99292.48941074105,8.0,11.31370849898476,,2,Property Damage Crashes,Property Damage Crashes,100.0,100.0,35
68,Baltimore Ave & Fox St,Bar,Yes,164.04166666666663,69,1150.082523124006,104565.965623636,16.0,0.0,48.0,2,Injury Crashes;Property Damage Crashes,Injury Crashes;Property Damage Crashes,50.0,50.0,69
87,,,,164.04166666666663,88,1182.172789338537,109794.89457343543,15.5,2.121320343559642,22.0,2,Injury Crashes;Property Damage Crashes,Injury Crashes;Property Damage Crashes,50.0,50.0,88
88,,,,164.04166666666663,89,1265.1398691512547,123865.41990519805,15.5,2.121320343559642,22.0,2,Injury Crashes;Property Damage Crashes,Injury Crashes;Property Damage Crashes,50.0,50.0,89
89,,,,164.04166666666663,90,1237.8857477317224,119202.14506453306,15.5,2.121320343559642,22.0,2,Injury Crashes;Property Damage Crashes,Injury Crashes;Property Damage Crashes,50.0,50.0,90
11,Edgewood Rd & Rhode Island Ave,Bar,Yes,164.04166666666663,12,1173.1593475933923,108446.1560536944,16.0,1.414213562373095,,2,Property Damage Crashes,Property Damage Crashes,100.0,100.0,12
10,Rhode Island Ave & Edgewood Rd,Bar,Yes,164.04166666666663,11,1209.6663759016747,114568.03612112936,16.0,1.414213562373095,,2,Property Damage Crashes,Property Damage Crashes,100.0,100.0,11
57,University Blvd & Baltimore Ave,Bar,No,164.04166666666663,58,1081.3841598999918,92968.04850968505,14.5,9.192388155425116,,2,Property Damage Crashes,Property Damage Crashes,100.0,100.0,58
72,Baltimore Ave & Hollywood Rd,Bar,Yes,164.04166666666663,73,1146.0483342065484,103879.27991324988,13.5,2.121320343559642,,2,Property Damage Crashes,Property Damage Crashes,100.0,100.0,73
76,,,,164.04166666666663,77,1173.4854841392348,108567.72871204057,20.5,3.535533905932738,,2,Injury Crashes;Property Damage Crashes,Injury Crashes;Property Damage Crashes,50.0,50.0,77
42,Greenbelt Rd & Rhode Island Ave,Zebra Stripe,No,164.04166666666663,43,1205.8331168030827,114051.17211395912,11.0,8.48528137423857,,2,Injury Crashes;Property Damage Crashes,Injury Crashes;Property Damage Crashes,50.0,50.0,43
40,Rhode Island Ave & Greenbelt Rd,Bar,No,164.04166666666663,41,1113.9603853826627,98509.14872217107,11.0,8.48528137423857,,2,Injury Crashes;Property Damage Crashes,Injury Crashes;Property Damage Crashes,50.0,50.0,41
115,,,,164.04166666666663,116,1096.9112629949902,95560.57030458626,18.0,0.0,,2,Property Damage Crashes,Property Damage Crashes,100.0,100.0,116
37,Rhode Island Ave & Apache St,Zebra Stripe,No,164.04166666666663,38,1073.1467098831083,91582.10356260947,17.0,2.82842712474619,,2,Property Damage Crashes,Property Damage Crashes,100.0,100.0,38
38,Rhode Island Ave & Apache St,Zebra Stripe,No,164.04166666666663,39,1107.5925487544969,97344.31575548227,17.0,2.82842712474619,,2,Property Damage Crashes,Property Damage Crashes,100.0,100.0,39
39,Greenbelt Rd & Rhode Island Ave,Zebra Stripe,No,164.04166666666663,40,1185.2001437038289,110586.5212223878,11.0,8.48528137423857,,2,Injury Crashes;Property Damage Crashes,Injury Crashes;Property Damage Crashes,50.0,50.0,40
41,Rhode Island Ave & Greenbelt Rd,Bar,No,164.04166666666663,42,1128.2157412457373,100917.04542820592,11.0,8.48528137423857,,2,Injury Crashes;Property Damage Crashes,Injury Crashes;Property Damage Crashes,50.0,50.0,42
256,,,,164.04166666666663,257,1107.814265798069,97361.42842366899,10.0,0.0,,1,Property Damage Crashes,Property Damage Crashes,100.0,100.0,257
293,49th Ave & Berwyn Rd,Piano Key,No,164.04166666666663,294,1097.9798608708695,95751.6622223253,7.0,0.0,,1,Injury Crashes,Injury Crashes,100.0,100.0,294
275,Rhode Island Ave & Lakeland Rd,,,164.04166666666663,276,1124.4261852230347,100182.1717046572,18.0,0.0,,1,Property Damage Crashes,Property Damage Crashes,100.0,100.0,276
274,Lakeland Rd & Rhode Island Ave,,,164.04166666666663,275,1151.7759781336274,104923.02290464188,18.0,0.0,,1,Property Damage Crashes,Property Damage Crashes,100.0,100.0,275
271,Navahoe St & Rhode Island Ave,,,164.04166666666663,272,1162.1599463860703,106543.08448593992,18.0,0.0,,1,Property Damage Crashes,Property Damage Crashes,100.0,100.0,272
273,Rhode Island Ave & Lakeland Rd,Piano Key,No,164.04166666666663,274,1137.486538683176,102373.84474076785,18.0,0.0,,1,Property Damage Crashes,Property Damage Crashes,100.0,100.0,274
262,,,,164.04166666666663,263,1100.2110297773404,96153.74393976541,9.0,0.0,,1,Property Damage Crashes,Property Damage Crashes,100.0,100.0,263
257,,,,164.04166666666663,258,1093.0036036130589,94884.97768844788,10.0,0.0,,1,Property Damage Crashes,Property Damage Crashes,100.0,100.0,258
36,Rhode Island Ave & Cherokee St,Zebra Stripe,RRFB,164.04166666666663,37,1122.0244187408791,99798.67843671802,8.0,0.0,54.0,1,Property Damage Crashes,Property Damage Crashes,100.0,100.0,37
272,Lakeland Rd & Rhode Island Ave,,,164.04166666666663,273,1127.5364098878474,100695.12714395268,18.0,0.0,,1,Property Damage Crashes,Property Damage Crashes,100.0,100.0,273
301,Tecumseh St & Rhode Island Ave,Piano Key,No,164.04166666666663,302,1099.6800137990915,96083.17465868944,16.0,0.0,,1,Injury Crashes,Injury Crashes,100.0,100.0,302
294,,,,164.04166666666663,295,1111.7621568632208,98148.6137993821,7.0,0.0,,1,Injury Crashes,Injury Crashes,100.0,100.0,295
323,,,,164.04166666666663,324,1068.604812658984,90809.13037943454,8.0,0.0,,1,Property Damage Crashes,Property Damage Crashes,100.0,100.0,324
330,Knox Rd,Piano Key,No,164.04166666666663,331,1119.4688101528309,99399.54103427827,19.0,0.0,26.0,1,Injury Crashes,Injury Crashes,100.0,100.0,331
329,Ikea Center Blvd & Ikea Way,Zebra Stripe,No,164.04166666666663,330,1109.3397845162433,97585.30314252131,12.0,0.0,,1,Property Damage Crashes,Property Damage Crashes,100.0,100.0,330
328,,,,164.04166666666663,329,1114.5902844372692,98566.47039986077,8.0,0.0,,1,Property Damage Crashes,Property Damage Crashes,100.0,100.0,329
327,,,,164.04166666666663,328,1089.454350430266,94307.89959580067,8.0,0.0,,1,Property Damage Crashes,Property Damage Crashes,100.0,100.0,328
326,,,,164.04166666666663,327,1072.737467901119,91514.79667065167,8.0,0.0,,1,Property Damage Crashes,Property Damage Crashes,100.0,100.0,327
325,,,,164.04166666666663,326,1082.2066977507927,93118.34187492057,8.0,0.0,,1,Property Damage Crashes,Property Damage Crashes,100.0,100.0,326
324,,,,164.04166666666663,325,1079.1298674566774,92599.12091022228,8.0,0.0,,1,Property Damage Crashes,Property Damage Crashes,100.0,100.0,325
322,,,,164.04166666666663,323,1073.3279201028652,91591.18908575457,8.0,0.0,,1,Property Damage Crashes,Property Damage Crashes,100.0,100.0,323
295,Rhode Island Ave & Berwyn Rd,Piano Key,No,164.04166666666663,296,1110.3875151108334,97783.0121447232,7.0,0.0,,1,Injury Crashes,Injury Crashes,100.0,100.0,296
315,,,,164.04166666666663,316,1107.3692046652006,97373.62489643617,16.0,0.0,18.0,1,Property Damage Crashes,Property Damage Crashes,100.0,100.0,316
314,,,,164.04166666666663,315,1138.7187462725512,102684.51524149736,16.0,0.0,18.0,1,Property Damage Crashes,Property Damage Crashes,100.0,100.0,315
312,,,,164.04166666666663,313,1111.7182278060122,98061.91690582637,16.0,0.0,21.0,1,Injury Crashes,Injury Crashes,100.0,100.0,313
308,,,,164.04166666666663,309,1109.3650969232299,97622.35435976335,23.0,0.0,19.0,1,Property Damage Crashes,Property Damage Crashes,100.0,100.0,309
13,,,,164.04166666666663,14,1134.8899562082347,101959.38458789648,23.0,0.0,,1,Property Damage Crashes,Property Damage Crashes,100.0,100.0,14
33,,,,164.04166666666663,34,1150.4088261619859,104546.64319062995,20.0,0.0,,1,Injury Crashes,Injury Crashes,100.0,100.0,34
254,,,,164.04166666666663,255,1117.63629675621,99128.0344782174,11.0,0.0,,1,Property Damage Crashes,Property Damage Crashes,100.0,100.0,255
255,,,,164.04166666666663,256,1093.1045611497084,94906.54843419012,10.0,0.0,,1,Property Damage Crashes,Property Damage Crashes,100.0,100.0,256
1,Rhode Island Ave & Paducah Rd,Zebra Stripe,No,164.04166666666663,2,1129.8514957903046,101050.49553925372,15.0,0.0,,1,Property Damage Crashes,Property Damage Crashes,100.0,100.0,2
253,,,,164.04166666666663,254,1108.9857786320233,97684.45984398684,11.0,0.0,,1,Property Damage Crashes,Property Damage Crashes,100.0,100.0,254
162,Baltimore Ave & Lakeland Rd,Zebra Stripe,Yes,164.04166666666663,163,1096.0707366433703,95441.66063048672,14.0,0.0,,1,Property Damage Crashes,Property Damage Crashes,100.0,100.0,163
90,Baltimore Ave,Bar,Yes,164.04166666666663,91,1089.514163109008,94324.22909570904,17.0,0.0,22.0,1,Injury Crashes,Injury Crashes,100.0,100.0,91
98,Baltimore Ave & SB Cap Belt Hwy,Zebra Stripe,No,164.04166666666663,99,1084.9551698475211,93569.06484759117,7.0,0.0,,1,Property Damage Crashes,Property Damage Crashes,100.0,100.0,99
99,Baltimore Ave & SB Cap Belt Hwy,Zebra Stripe,No,164.04166666666663,100,1151.337646729794,104814.08650587485,7.0,0.0,,1,Property Damage Crashes,Property Damage Crashes,100.0,100.0,100
107,,,,164.04166666666663,108,1107.7304054859378,97399.18481560872,7.0,0.0,,1,Property Damage Crashes,Property Damage Crashes,100.0,100.0,108
109,Metzerott Rd,Zebra Stripe,RRFB,164.04166666666663,110,1118.361447367606,99214.91317681767,19.0,0.0,,1,Property Damage Crashes,Property Damage Crashes,100.0,100.0,110
110,,,,164.04166666666663,111,1121.1851755115956,99721.87523170227,4.0,0.0,,1,Property Damage Crashes,Property Damage Crashes,100.0,100.0,111
163,Baltimore Ave & Lakeland Rd,Zebra Stripe,Yes,164.04166666666663,164,1144.4165409734346,103527.64986368953,14.0,0.0,,1,Property Damage Crashes,Property Damage Crashes,100.0,100.0,164
121,,,,164.04166666666663,122,1224.4525429944968,116934.02772206556,19.0,0.0,,1,Property Damage Crashes,Property Damage Crashes,100.0,100.0,122
252,,,,164.04166666666663,253,1118.717214091736,99310.15633204147,11.0,0.0,,1,Property Damage Crashes,Property Damage Crashes,100.0,100.0,253
122,,,,164.04166666666663,123,1240.5261789167087,119830.42105963804,15.0,0.0,,1,Property Damage Crashes,Property Damage Crashes,100.0,100.0,123
128,,,,164.04166666666663,129,1084.4534455880748,93490.1269976038,19.0,0.0,,1,Property Damage Crashes,Property Damage Crashes,100.0,100.0,129
132,,,,164.04166666666663,133,1319.5215365192719,133341.3027337056,6.0,0.0,,1,Injury Crashes,Injury Crashes,100.0,100.0,133
133,,,,164.04166666666663,134,1320.7137160703553,133483.3709414162,6.0,0.0,,1,Injury Crashes,Injury Crashes,100.0,100.0,134
134,,,,164.04166666666663,135,1130.98680025229,101351.27438475721,6.0,0.0,,1,Injury Crashes,Injury Crashes,100.0,100.0,135
135,,,,164.04166666666663,136,1106.56311189247,97247.44508285276,6.0,0.0,,1,Injury Crashes,Injury Crashes,100.0,100.0,136
145,,,,164.04166666666663,146,1196.4328706569315,112290.39117764765,8.0,0.0,,1,Property Damage Crashes,Property Damage Crashes,100.0,100.0,146
178,Baltimore Ave & Fraternity Row,Zebra Stripe,Yes,164.04166666666663,179,1096.7174999466527,95567.40471202243,14.0,0.0,21.0,1,Injury Crashes,Injury Crashes,100.0,100.0,179
179,Baltimore Ave & Fraternity Row,Zebra Stripe,Yes,164.04166666666663,180,1097.290232822627,95656.72910465057,14.0,0.0,21.0,1,Injury Crashes,Injury Crashes,100.0,100.0,180
86,Ikea Center Blvd & Ikea Way,Zebra Stripe,No,164.04166666666663,87,1126.321064649962,100449.698803531,12.0,0.0,,1,Property Damage Crashes,Property Damage Crashes,100.0,100.0,87
181,Baltimore Ave & College Ave,Zebra Stripe,Yes,164.04166666666663,182,1126.1934172707756,100585.1276086342,7.0,0.0,,1,Property Damage Crashes,Property Damage Crashes,100.0,100.0,182
251,,,,164.04166666666663,252,1105.308202213233,97042.5956133736,11.0,0.0,,1,Property Damage Crashes,Property Damage Crashes,100.0,100.0,252
146,,,,164.04166666666663,147,1175.9845022600527,108796.49291222302,8.0,0.0,,1,Property Damage Crashes,Property Damage Crashes,100.0,100.0,147
199,Baltimore Ave & Calvert Rd,Zebra Stripe,Yes,164.04166666666663,200,1191.0470616584792,111580.07057080652,12.0,0.0,,1,Property Damage Crashes,Property Damage Crashes,100.0,100.0,200
198,Calvert Rd & Baltimore Ave,Zebra Stripe,Yes,164.04166666666663,199,1141.7687827705065,103207.09547910896,12.0,0.0,,1,Property Damage Crashes,Property Damage Crashes,100.0,100.0,199
50,,,,164.04166666666663,51,1118.2893470473527,99229.19714017215,16.0,0.0,,1,Property Damage Crashes,Property Damage Crashes,100.0,100.0,51
51,,,,164.04166666666663,52,1234.3778459525854,118898.78009450783,16.0,0.0,,1,Property Damage Crashes,Property Damage Crashes,100.0,100.0,52
195,Baltimore Ave & Hartwick Rd,Zebra Stripe,Yes,164.04166666666663,196,1197.8550856311551,112764.22755097393,17.0,0.0,,1,Property Damage Crashes,Property Damage Crashes,100.0,100.0,196
194,Hartwick Rd & Baltimore Ave,Zebra Stripe,Yes,164.04166666666663,195,1143.2478327400177,103523.62465896594,17.0,0.0,,1,Property Damage Crashes,Property Damage Crashes,100.0,100.0,195
52,,,,164.04166666666663,53,1108.96617216175,97665.80971681181,16.0,0.0,,1,Property Damage Crashes,Property Damage Crashes,100.0,100.0,53
67,,,,164.04166666666663,68,1121.714021678082,99643.82035722144,13.0,0.0,,1,Injury Crashes,Injury Crashes,100.0,100.0,68
69,,,,164.04166666666663,70,1090.6145311630216,94488.81369274322,17.0,0.0,,1,Injury Crashes,Injury Crashes,100.0,100.0,70
70,,,,164.04166666666663,71,1105.124235285766,96925.37228873094,17.0,0.0,,1,Injury Crashes,Injury Crashes,100.0,100.0,71
71,Hollywood Rd & Baltimore Ave,Bar,Yes,164.04166666666663,72,1110.3953454179511,97857.07957645283,15.0,0.0,,1,Property Damage Crashes,Property Damage Crashes,100.0,100.0,72
85,Ikea Center Blvd & Ikea Way,Zebra Stripe,No,164.04166666666663,86,1102.1002817193616,96402.71068592551,12.0,0.0,,1,Property Damage Crashes,Property Damage Crashes,100.0,100.0,86
182,Baltimore Ave & College Ave,Zebra Stripe,Yes,164.04166666666663,183,1120.9600297784912,99718.37533884092,7.0,0.0,,1,Property Damage Crashes,Property Damage Crashes,100.0,100.0,183
331,Rhode Island Ave & Fox St,Piano Key,RRFB,164.04166666666663,332,1127.852943546358,100805.35597027304,14.0,0.0,,1,Property Damage Crashes,Property Damage Crashes,100.0,100.0,332
